name,email,password_hash
Manuel Leon,manuel.leon@example.net,hashed_KEvMnxejZo
Andres Delgado,andres.delgado@example.net,hashed_yfBsW7uW7G
Susana Herrera,susana.herrera@example.net,hashed_5FGqWsxAJe
Luis Salazar,luis.salazar@example.net,hashed_vQTp8oUKJc
Isabel Ramirez,isabel.ramirez@example.org,hashed_oGtwzsOhd2
Luis Torres,luis.torres@example.com,hashed_fDE7DWn9Nx
Javier Gil,javier.gil@example.org,hashed_AO_2spbZhm
Diego Pena,diego.pena@example.com,hashed_mJ8uo8emXw
Marta Alvarez,marta.alvarez@example.com,hashed_na_3urcGCG
Ricardo Moreno,ricardo.moreno@example.com,hashed_5WkmO2mok_
Lucia Castillo,lucia.castillo@example.net,hashed_si3sjQnpWK
Paula Pena,paula.pena@example.com,hashed_3vXgTTw7ds
Laura Garcia,laura.garcia@example.net,hashed_wQGSMAE56E
Valeria Herrera,valeria.herrera@example.net,hashed_AKsS9kNGrZ
Francisco Torres,francisco.torres@example.com,hashed_vlWFiGry4Y
Marta Mendoza,marta.mendoza@example.com,hashed_5buJwjDBmh
Lucia Rios,lucia.rios@example.org,hashed_zJarXDLNrJ
Paula Torres,paula.torres@example.net,hashed_vJhQF_SDQR
Adriana Flores,adriana.flores@example.com,hashed_7XC9uXvcsk
Javier Navarro,javier.navarro@example.org,hashed_aN_sXyGYC6
Monica Cortes,monica.cortes@example.net,hashed_yS1KUyxf6X
Francisco Ortiz,francisco.ortiz@example.org,hashed_lbUHh2FvtE
Enrique Moreno,enrique.moreno@example.com,hashed_CvhIiW7fNK
Susana Delgado,susana.delgado@example.net,hashed_WgKFyJ2zdT
Alejandro Vargas,alejandro.vargas@example.com,hashed_aLk9pP0fYq
Carmen Peña,carmen.pena@example.net,hashed_Qv7xJ3kLpZ
Diego Soto,diego.soto@example.org,hashed_Xd2pV7hRkF
Laura Díaz,laura.diaz@example.com,hashed_Mo5fL9wYqP
Luis Molina,luis.molina@example.net,hashed_9fD2qZ1bEr
Patricia Soto,patricia.soto@example.org,hashed_Kj8pX5aVrT
Fernando Cruz,fernando.cruz@example.com,hashed_Wm4hL0vQsJ
Valeria Castro,valeria.castro@example.net,hashed_Lp3nV6kRtZ
Hector Alvarez,hector.alvarez@example.org,hashed_Fd8kB1wPxT
Monica Rojas,monica.rojas@example.com,hashed_Yr6sK9qVeP
Daniela Moreno,daniela.moreno@example.net,hashed_Gf3tH5mLbQ
Jorge Pérez,jorge.perez@example.org,hashed_Tk4pQ2xWrZ
Natalia Díaz,natalia.diaz@example.com,hashed_Hq7nM8vLsT
Sebastian Torres,sebastian.torres@example.net,hashed_Pm5fL3yQxR
Isabel Vargas,isabel.vargas@example.org,hashed_Zk8vJ1pSwT
Adriana Rojas,adriana.rojas@example.com,hashed_Nq2pD7hVzK
